{
  "generated": "2026-01-26T04:07:12.353Z",
  "total": 109,
  "commonSections": {
    "noise": {
      "title": "Noise Ordinance",
      "keywords": [
        "noise",
        "loud",
        "music",
        "party",
        "quiet hours",
        "sound"
      ]
    },
    "parking": {
      "title": "Parking Regulations",
      "keywords": [
        "parking",
        "RV",
        "vehicle",
        "street parking",
        "overnight"
      ]
    },
    "pets": {
      "title": "Animal Regulations",
      "keywords": [
        "dog",
        "cat",
        "pet",
        "animal",
        "license",
        "barking"
      ]
    },
    "building": {
      "title": "Building & Construction",
      "keywords": [
        "permit",
        "construction",
        "building",
        "remodel",
        "addition"
      ]
    },
    "adu": {
      "title": "ADU/Granny Units",
      "keywords": [
        "ADU",
        "granny unit",
        "accessory dwelling",
        "in-law"
      ]
    },
    "rental": {
      "title": "Rental/Tenant Laws",
      "keywords": [
        "rent control",
        "tenant",
        "landlord",
        "eviction",
        "rental"
      ]
    },
    "business": {
      "title": "Business Licenses",
      "keywords": [
        "business license",
        "home business",
        "food truck",
        "vendor"
      ]
    },
    "trees": {
      "title": "Tree Regulations",
      "keywords": [
        "tree",
        "removal",
        "heritage tree",
        "protected tree"
      ]
    },
    "fences": {
      "title": "Fence & Property",
      "keywords": [
        "fence",
        "setback",
        "property line",
        "height"
      ]
    },
    "shortterm": {
      "title": "Short-Term Rentals",
      "keywords": [
        "airbnb",
        "short-term",
        "vacation rental",
        "VRBO"
      ]
    },
    "cannabis": {
      "title": "Cannabis Regulations",
      "keywords": [
        "cannabis",
        "marijuana",
        "dispensary",
        "cultivation"
      ]
    },
    "signs": {
      "title": "Sign Regulations",
      "keywords": [
        "sign",
        "signage",
        "banner",
        "advertising"
      ]
    }
  },
  "description": "Municipal code URLs for Bay Area cities and counties. Use these to help users find local laws and regulations.",
  "codes": [
    {
      "name": "Alameda County",
      "type": "County",
      "county": "Alameda",
      "municipalCodeUrl": "https://library.municode.com/ca/alameda_county",
      "platform": "municode"
    },
    {
      "name": "Contra Costa County",
      "type": "County",
      "county": "Contra Costa",
      "municipalCodeUrl": "https://library.municode.com/ca/contra_costa_county",
      "platform": "municode"
    },
    {
      "name": "Marin County",
      "type": "County",
      "county": "Marin",
      "municipalCodeUrl": "https://library.municode.com/ca/marin_county",
      "platform": "municode"
    },
    {
      "name": "Napa County",
      "type": "County",
      "county": "Napa",
      "municipalCodeUrl": "https://library.municode.com/ca/napa_county",
      "platform": "municode"
    },
    {
      "name": "San Francisco",
      "type": "City-County",
      "county": "San Francisco",
      "municipalCodeUrl": "https://codelibrary.amlegal.com/codes/san_francisco/latest/overview",
      "platform": "amlegal"
    },
    {
      "name": "San Mateo County",
      "type": "County",
      "county": "San Mateo",
      "municipalCodeUrl": "https://library.municode.com/ca/san_mateo_county",
      "platform": "municode"
    },
    {
      "name": "Santa Clara County",
      "type": "County",
      "county": "Santa Clara",
      "municipalCodeUrl": "https://library.municode.com/ca/santa_clara_county",
      "platform": "municode"
    },
    {
      "name": "Solano County",
      "type": "County",
      "county": "Solano",
      "municipalCodeUrl": "https://www.codepublishing.com/CA/SolanoCounty/",
      "platform": "codepublishing"
    },
    {
      "name": "Sonoma County",
      "type": "County",
      "county": "Sonoma",
      "municipalCodeUrl": "https://library.municode.com/ca/sonoma_county",
      "platform": "municode"
    },
    {
      "name": "Alameda",
      "type": "City",
      "county": "Alameda",
      "municipalCodeUrl": "https://library.municode.com/ca/alameda",
      "platform": "municode"
    },
    {
      "name": "Albany",
      "type": "City",
      "county": "Alameda",
      "municipalCodeUrl": "https://www.codepublishing.com/CA/Albany/",
      "platform": "codepublishing"
    },
    {
      "name": "Berkeley",
      "type": "City",
      "county": "Alameda",
      "municipalCodeUrl": "https://berkeley.municipal.codes/",
      "platform": "municipal.codes"
    },
    {
      "name": "Dublin",
      "type": "City",
      "county": "Alameda",
      "municipalCodeUrl": "https://qcode.us/codes/dublin/",
      "platform": "qcode"
    },
    {
      "name": "Emeryville",
      "type": "City",
      "county": "Alameda",
      "municipalCodeUrl": "https://www.codepublishing.com/CA/Emeryville/",
      "platform": "codepublishing"
    },
    {
      "name": "Fremont",
      "type": "City",
      "county": "Alameda",
      "municipalCodeUrl": "https://www.codepublishing.com/CA/Fremont/",
      "platform": "codepublishing"
    },
    {
      "name": "Hayward",
      "type": "City",
      "county": "Alameda",
      "municipalCodeUrl": "https://library.municode.com/ca/hayward",
      "platform": "municode"
    },
    {
      "name": "Livermore",
      "type": "City",
      "county": "Alameda",
      "municipalCodeUrl": "https://qcode.us/codes/livermore/",
      "platform": "qcode"
    },
    {
      "name": "Newark",
      "type": "City",
      "county": "Alameda",
      "municipalCodeUrl": "https://library.municode.com/ca/newark",
      "platform": "municode"
    },
    {
      "name": "Oakland",
      "type": "City",
      "county": "Alameda",
      "municipalCodeUrl": "https://library.municode.com/ca/oakland",
      "platform": "municode"
    },
    {
      "name": "Piedmont",
      "type": "City",
      "county": "Alameda",
      "municipalCodeUrl": "https://www.codepublishing.com/CA/Piedmont/",
      "platform": "codepublishing"
    },
    {
      "name": "Pleasanton",
      "type": "City",
      "county": "Alameda",
      "municipalCodeUrl": "https://library.qcode.us/lib/pleasanton_ca/pub/municipal_code",
      "platform": "qcode"
    },
    {
      "name": "San Leandro",
      "type": "City",
      "county": "Alameda",
      "municipalCodeUrl": "https://www.codepublishing.com/CA/SanLeandro/",
      "platform": "codepublishing"
    },
    {
      "name": "Union City",
      "type": "City",
      "county": "Alameda",
      "municipalCodeUrl": "https://www.codepublishing.com/CA/UnionCity/",
      "platform": "codepublishing"
    },
    {
      "name": "Antioch",
      "type": "City",
      "county": "Contra Costa",
      "municipalCodeUrl": "https://codelibrary.amlegal.com/codes/antioch/latest/antioch_ca/0-0-0-1",
      "platform": "amlegal"
    },
    {
      "name": "Brentwood",
      "type": "City",
      "county": "Contra Costa",
      "municipalCodeUrl": "https://www.codepublishing.com/CA/Brentwood/",
      "platform": "codepublishing"
    },
    {
      "name": "Clayton",
      "type": "City",
      "county": "Contra Costa",
      "municipalCodeUrl": "https://library.municode.com/ca/clayton",
      "platform": "municode"
    },
    {
      "name": "Concord",
      "type": "City",
      "county": "Contra Costa",
      "municipalCodeUrl": "https://www.codepublishing.com/CA/Concord/",
      "platform": "codepublishing"
    },
    {
      "name": "Danville",
      "type": "Town",
      "county": "Contra Costa",
      "municipalCodeUrl": "https://www.codepublishing.com/CA/Danville/",
      "platform": "codepublishing"
    },
    {
      "name": "El Cerrito",
      "type": "City",
      "county": "Contra Costa",
      "municipalCodeUrl": "https://library.municode.com/ca/el_cerrito",
      "platform": "municode"
    },
    {
      "name": "Hercules",
      "type": "City",
      "county": "Contra Costa",
      "municipalCodeUrl": "https://www.codepublishing.com/CA/Hercules/",
      "platform": "codepublishing"
    },
    {
      "name": "Lafayette",
      "type": "City",
      "county": "Contra Costa",
      "municipalCodeUrl": "https://library.municode.com/ca/lafayette",
      "platform": "municode"
    },
    {
      "name": "Martinez",
      "type": "City",
      "county": "Contra Costa",
      "municipalCodeUrl": "https://www.codepublishing.com/CA/Martinez/",
      "platform": "codepublishing"
    },
    {
      "name": "Moraga",
      "type": "Town",
      "county": "Contra Costa",
      "municipalCodeUrl": "https://library.municode.com/ca/moraga",
      "platform": "municode"
    },
    {
      "name": "Oakley",
      "type": "City",
      "county": "Contra Costa",
      "municipalCodeUrl": "https://www.codepublishing.com/CA/Oakley/",
      "platform": "codepublishing"
    },
    {
      "name": "Orinda",
      "type": "City",
      "county": "Contra Costa",
      "municipalCodeUrl": "https://library.municode.com/ca/orinda",
      "platform": "municode"
    },
    {
      "name": "Pinole",
      "type": "City",
      "county": "Contra Costa",
      "municipalCodeUrl": "https://www.codepublishing.com/CA/Pinole/",
      "platform": "codepublishing"
    },
    {
      "name": "Pittsburg",
      "type": "City",
      "county": "Contra Costa",
      "municipalCodeUrl": "https://www.codepublishing.com/CA/Pittsburg/",
      "platform": "codepublishing"
    },
    {
      "name": "Pleasant Hill",
      "type": "City",
      "county": "Contra Costa",
      "municipalCodeUrl": "https://www.codepublishing.com/CA/PleasantHill/",
      "platform": "codepublishing"
    },
    {
      "name": "Richmond",
      "type": "City",
      "county": "Contra Costa",
      "municipalCodeUrl": "https://library.municode.com/ca/richmond",
      "platform": "municode"
    },
    {
      "name": "San Pablo",
      "type": "City",
      "county": "Contra Costa",
      "municipalCodeUrl": "https://www.codepublishing.com/CA/SanPablo/",
      "platform": "codepublishing"
    },
    {
      "name": "San Ramon",
      "type": "City",
      "county": "Contra Costa",
      "municipalCodeUrl": "https://www.codepublishing.com/CA/SanRamon/",
      "platform": "codepublishing"
    },
    {
      "name": "Walnut Creek",
      "type": "City",
      "county": "Contra Costa",
      "municipalCodeUrl": "https://www.codepublishing.com/CA/WalnutCreek/",
      "platform": "codepublishing"
    },
    {
      "name": "Belvedere",
      "type": "City",
      "county": "Marin",
      "municipalCodeUrl": "https://www.codepublishing.com/CA/Belvedere/",
      "platform": "codepublishing"
    },
    {
      "name": "Corte Madera",
      "type": "Town",
      "county": "Marin",
      "municipalCodeUrl": "https://library.municode.com/ca/corte_madera",
      "platform": "municode"
    },
    {
      "name": "Fairfax",
      "type": "Town",
      "county": "Marin",
      "municipalCodeUrl": "https://www.codepublishing.com/CA/Fairfax/",
      "platform": "codepublishing"
    },
    {
      "name": "Larkspur",
      "type": "City",
      "county": "Marin",
      "municipalCodeUrl": "https://www.codepublishing.com/CA/Larkspur/",
      "platform": "codepublishing"
    },
    {
      "name": "Mill Valley",
      "type": "City",
      "county": "Marin",
      "municipalCodeUrl": "https://www.codepublishing.com/CA/MillValley/",
      "platform": "codepublishing"
    },
    {
      "name": "Novato",
      "type": "City",
      "county": "Marin",
      "municipalCodeUrl": "https://library.municode.com/ca/novato",
      "platform": "municode"
    },
    {
      "name": "Ross",
      "type": "Town",
      "county": "Marin",
      "municipalCodeUrl": "https://www.codepublishing.com/CA/Ross/",
      "platform": "codepublishing"
    },
    {
      "name": "San Anselmo",
      "type": "Town",
      "county": "Marin",
      "municipalCodeUrl": "https://library.municode.com/ca/san_anselmo",
      "platform": "municode"
    },
    {
      "name": "San Rafael",
      "type": "City",
      "county": "Marin",
      "municipalCodeUrl": "https://library.municode.com/ca/san_rafael",
      "platform": "municode"
    },
    {
      "name": "Sausalito",
      "type": "City",
      "county": "Marin",
      "municipalCodeUrl": "https://www.codepublishing.com/CA/Sausalito/",
      "platform": "codepublishing"
    },
    {
      "name": "Tiburon",
      "type": "Town",
      "county": "Marin",
      "municipalCodeUrl": "https://library.municode.com/ca/tiburon",
      "platform": "municode"
    },
    {
      "name": "American Canyon",
      "type": "City",
      "county": "Napa",
      "municipalCodeUrl": "https://www.codepublishing.com/CA/AmericanCanyon/",
      "platform": "codepublishing"
    },
    {
      "name": "Calistoga",
      "type": "City",
      "county": "Napa",
      "municipalCodeUrl": "https://www.codepublishing.com/CA/Calistoga/",
      "platform": "codepublishing"
    },
    {
      "name": "Napa",
      "type": "City",
      "county": "Napa",
      "municipalCodeUrl": "https://www.codepublishing.com/CA/Napa/",
      "platform": "codepublishing"
    },
    {
      "name": "St. Helena",
      "type": "City",
      "county": "Napa",
      "municipalCodeUrl": "https://www.codepublishing.com/CA/StHelena/",
      "platform": "codepublishing"
    },
    {
      "name": "Yountville",
      "type": "Town",
      "county": "Napa",
      "municipalCodeUrl": "https://www.codepublishing.com/CA/Yountville/",
      "platform": "codepublishing"
    },
    {
      "name": "Atherton",
      "type": "Town",
      "county": "San Mateo",
      "municipalCodeUrl": "https://www.codepublishing.com/CA/Atherton/",
      "platform": "codepublishing"
    },
    {
      "name": "Belmont",
      "type": "City",
      "county": "San Mateo",
      "municipalCodeUrl": "https://library.municode.com/ca/belmont",
      "platform": "municode"
    },
    {
      "name": "Brisbane",
      "type": "City",
      "county": "San Mateo",
      "municipalCodeUrl": "https://library.municode.com/ca/brisbane",
      "platform": "municode"
    },
    {
      "name": "Burlingame",
      "type": "City",
      "county": "San Mateo",
      "municipalCodeUrl": "https://www.codepublishing.com/CA/Burlingame/",
      "platform": "codepublishing"
    },
    {
      "name": "Colma",
      "type": "Town",
      "county": "San Mateo",
      "municipalCodeUrl": "https://www.codepublishing.com/CA/Colma/",
      "platform": "codepublishing"
    },
    {
      "name": "Daly City",
      "type": "City",
      "county": "San Mateo",
      "municipalCodeUrl": "https://library.municode.com/ca/daly_city",
      "platform": "municode"
    },
    {
      "name": "East Palo Alto",
      "type": "City",
      "county": "San Mateo",
      "municipalCodeUrl": "https://library.municode.com/ca/east_palo_alto",
      "platform": "municode"
    },
    {
      "name": "Foster City",
      "type": "City",
      "county": "San Mateo",
      "municipalCodeUrl": "https://www.codepublishing.com/CA/FosterCity/",
      "platform": "codepublishing"
    },
    {
      "name": "Half Moon Bay",
      "type": "City",
      "county": "San Mateo",
      "municipalCodeUrl": "https://www.codepublishing.com/CA/HalfMoonBay/",
      "platform": "codepublishing"
    },
    {
      "name": "Hillsborough",
      "type": "Town",
      "county": "San Mateo",
      "municipalCodeUrl": "https://library.municode.com/ca/hillsborough",
      "platform": "municode"
    },
    {
      "name": "Menlo Park",
      "type": "City",
      "county": "San Mateo",
      "municipalCodeUrl": "https://www.codepublishing.com/CA/MenloPark/",
      "platform": "codepublishing"
    },
    {
      "name": "Millbrae",
      "type": "City",
      "county": "San Mateo",
      "municipalCodeUrl": "https://www.codepublishing.com/CA/Millbrae/",
      "platform": "codepublishing"
    },
    {
      "name": "Pacifica",
      "type": "City",
      "county": "San Mateo",
      "municipalCodeUrl": "https://library.municode.com/ca/pacifica",
      "platform": "municode"
    },
    {
      "name": "Portola Valley",
      "type": "Town",
      "county": "San Mateo",
      "municipalCodeUrl": "https://library.municode.com/ca/portola_valley",
      "platform": "municode"
    },
    {
      "name": "Redwood City",
      "type": "City",
      "county": "San Mateo",
      "municipalCodeUrl": "https://library.municode.com/ca/redwood_city",
      "platform": "municode"
    },
    {
      "name": "San Bruno",
      "type": "City",
      "county": "San Mateo",
      "municipalCodeUrl": "https://www.codepublishing.com/CA/SanBruno/",
      "platform": "codepublishing"
    },
    {
      "name": "San Carlos",
      "type": "City",
      "county": "San Mateo",
      "municipalCodeUrl": "https://www.codepublishing.com/CA/SanCarlos/",
      "platform": "codepublishing"
    },
    {
      "name": "San Mateo",
      "type": "City",
      "county": "San Mateo",
      "municipalCodeUrl": "https://law.cityofsanmateo.org/us/ca/cities/san-mateo/code",
      "platform": "cityofsanmateo"
    },
    {
      "name": "South San Francisco",
      "type": "City",
      "county": "San Mateo",
      "municipalCodeUrl": "https://www.codepublishing.com/CA/SouthSanFrancisco/",
      "platform": "codepublishing"
    },
    {
      "name": "Woodside",
      "type": "Town",
      "county": "San Mateo",
      "municipalCodeUrl": "https://library.municode.com/ca/woodside",
      "platform": "municode"
    },
    {
      "name": "Campbell",
      "type": "City",
      "county": "Santa Clara",
      "municipalCodeUrl": "https://library.municode.com/ca/campbell",
      "platform": "municode"
    },
    {
      "name": "Cupertino",
      "type": "City",
      "county": "Santa Clara",
      "municipalCodeUrl": "https://www.codepublishing.com/CA/Cupertino/",
      "platform": "codepublishing"
    },
    {
      "name": "Gilroy",
      "type": "City",
      "county": "Santa Clara",
      "municipalCodeUrl": "https://www.codepublishing.com/CA/Gilroy/",
      "platform": "codepublishing"
    },
    {
      "name": "Los Altos",
      "type": "City",
      "county": "Santa Clara",
      "municipalCodeUrl": "https://library.municode.com/ca/los_altos",
      "platform": "municode"
    },
    {
      "name": "Los Altos Hills",
      "type": "Town",
      "county": "Santa Clara",
      "municipalCodeUrl": "https://www.codepublishing.com/CA/LosAltosHills/",
      "platform": "codepublishing"
    },
    {
      "name": "Los Gatos",
      "type": "Town",
      "county": "Santa Clara",
      "municipalCodeUrl": "https://library.municode.com/ca/los_gatos",
      "platform": "municode"
    },
    {
      "name": "Milpitas",
      "type": "City",
      "county": "Santa Clara",
      "municipalCodeUrl": "https://library.municode.com/ca/milpitas",
      "platform": "municode"
    },
    {
      "name": "Monte Sereno",
      "type": "City",
      "county": "Santa Clara",
      "municipalCodeUrl": "https://library.municode.com/ca/monte_sereno",
      "platform": "municode"
    },
    {
      "name": "Morgan Hill",
      "type": "City",
      "county": "Santa Clara",
      "municipalCodeUrl": "https://library.municode.com/ca/morgan_hill",
      "platform": "municode"
    },
    {
      "name": "Mountain View",
      "type": "City",
      "county": "Santa Clara",
      "municipalCodeUrl": "https://library.municode.com/ca/mountain_view",
      "platform": "municode"
    },
    {
      "name": "Palo Alto",
      "type": "City",
      "county": "Santa Clara",
      "municipalCodeUrl": "https://codelibrary.amlegal.com/codes/paloalto/latest/overview",
      "platform": "amlegal"
    },
    {
      "name": "San Jose",
      "type": "City",
      "county": "Santa Clara",
      "municipalCodeUrl": "https://library.municode.com/ca/san_jose",
      "platform": "municode"
    },
    {
      "name": "Santa Clara",
      "type": "City",
      "county": "Santa Clara",
      "municipalCodeUrl": "https://www.codepublishing.com/CA/SantaClara/",
      "platform": "codepublishing"
    },
    {
      "name": "Saratoga",
      "type": "City",
      "county": "Santa Clara",
      "municipalCodeUrl": "https://library.municode.com/ca/saratoga",
      "platform": "municode"
    },
    {
      "name": "Sunnyvale",
      "type": "City",
      "county": "Santa Clara",
      "municipalCodeUrl": "https://qcode.us/codes/sunnyvale/",
      "platform": "qcode"
    },
    {
      "name": "Benicia",
      "type": "City",
      "county": "Solano",
      "municipalCodeUrl": "https://www.codepublishing.com/CA/Benicia/",
      "platform": "codepublishing"
    },
    {
      "name": "Dixon",
      "type": "City",
      "county": "Solano",
      "municipalCodeUrl": "https://www.codepublishing.com/CA/Dixon/",
      "platform": "codepublishing"
    },
    {
      "name": "Fairfield",
      "type": "City",
      "county": "Solano",
      "municipalCodeUrl": "https://www.codepublishing.com/CA/Fairfield/",
      "platform": "codepublishing"
    },
    {
      "name": "Rio Vista",
      "type": "City",
      "county": "Solano",
      "municipalCodeUrl": "https://www.codepublishing.com/CA/RioVista/",
      "platform": "codepublishing"
    },
    {
      "name": "Suisun City",
      "type": "City",
      "county": "Solano",
      "municipalCodeUrl": "https://library.municode.com/ca/suisun_city",
      "platform": "municode"
    },
    {
      "name": "Vacaville",
      "type": "City",
      "county": "Solano",
      "municipalCodeUrl": "https://www.codepublishing.com/CA/Vacaville/",
      "platform": "codepublishing"
    },
    {
      "name": "Vallejo",
      "type": "City",
      "county": "Solano",
      "municipalCodeUrl": "https://library.municode.com/ca/vallejo",
      "platform": "municode"
    },
    {
      "name": "Cloverdale",
      "type": "City",
      "county": "Sonoma",
      "municipalCodeUrl": "https://www.codepublishing.com/CA/Cloverdale/",
      "platform": "codepublishing"
    },
    {
      "name": "Cotati",
      "type": "City",
      "county": "Sonoma",
      "municipalCodeUrl": "https://www.codepublishing.com/CA/Cotati/",
      "platform": "codepublishing"
    },
    {
      "name": "Healdsburg",
      "type": "City",
      "county": "Sonoma",
      "municipalCodeUrl": "https://www.codepublishing.com/CA/Healdsburg/",
      "platform": "codepublishing"
    },
    {
      "name": "Petaluma",
      "type": "City",
      "county": "Sonoma",
      "municipalCodeUrl": "https://www.codepublishing.com/CA/Petaluma/",
      "platform": "codepublishing"
    },
    {
      "name": "Rohnert Park",
      "type": "City",
      "county": "Sonoma",
      "municipalCodeUrl": "https://library.municode.com/ca/rohnert_park",
      "platform": "municode"
    },
    {
      "name": "Santa Rosa",
      "type": "City",
      "county": "Sonoma",
      "municipalCodeUrl": "https://qcode.us/codes/santarosa/",
      "platform": "qcode"
    },
    {
      "name": "Sebastopol",
      "type": "City",
      "county": "Sonoma",
      "municipalCodeUrl": "https://www.codepublishing.com/CA/Sebastopol/",
      "platform": "codepublishing"
    },
    {
      "name": "Sonoma",
      "type": "City",
      "county": "Sonoma",
      "municipalCodeUrl": "https://www.codepublishing.com/CA/Sonoma/",
      "platform": "codepublishing"
    },
    {
      "name": "Windsor",
      "type": "Town",
      "county": "Sonoma",
      "municipalCodeUrl": "https://library.municode.com/ca/windsor",
      "platform": "municode"
    }
  ]
}