# Bay Area ZIP Codes to City Mapping
# Used for location-based program filtering
# Lookup chain: ZIP → City → County (via cities.yml)
#
# When a user searches by ZIP code:
# 1. Find city from this file
# 2. Find county from cities.yml
# 3. Show programs for their specific county
# 4. Always include Bay Area (regional) programs
# 5. Always include Statewide programs
# 6. Always include Nationwide programs

# Alameda County Cities
94501: Alameda
94502: Alameda
94536: Fremont
94537: Fremont
94538: Fremont
94539: Fremont
94540: Hayward
94541: Hayward
94542: Hayward
94543: Hayward
94544: Hayward
94545: Hayward
94546: Castro Valley
94550: Livermore
94551: Livermore
94552: Castro Valley
94555: Fremont
94557: Hayward
94560: Newark
94566: Pleasanton
94568: Dublin
94577: San Leandro
94578: San Leandro
94579: San Leandro
94580: San Lorenzo
94586: Sunol
94587: Union City
94588: Pleasanton
94601: Oakland
94602: Oakland
94603: Oakland
94605: Oakland
94606: Oakland
94607: Oakland
94608: Emeryville
94609: Oakland
94610: Oakland
94611: Oakland
94612: Oakland
94613: Oakland
94618: Oakland
94619: Oakland
94620: Piedmont
94621: Oakland
94702: Berkeley
94703: Berkeley
94704: Berkeley
94705: Berkeley
94706: Albany
94707: Berkeley
94708: Berkeley
94709: Berkeley
94710: Berkeley

# Contra Costa County Cities
94505: Discovery Bay
94506: Danville
94507: Alamo
94509: Antioch
94511: Bethel Island
94513: Brentwood
94514: Byron
94516: Canyon
94517: Clayton
94518: Concord
94519: Concord
94520: Concord
94521: Concord
94522: Concord
94523: Pleasant Hill
94524: Concord
94525: Crockett
94526: Danville
94527: Concord
94528: Diablo
94529: Concord
94530: El Cerrito
94531: Antioch
94547: Hercules
94548: Knightsen
94549: Lafayette
94553: Martinez
94556: Moraga
94561: Oakley
94563: Orinda
94564: Pinole
94565: Pittsburg
94569: Port Costa
94570: Moraga
94572: Rodeo
94575: Moraga
94582: San Ramon
94583: San Ramon
94595: Walnut Creek
94596: Walnut Creek
94597: Walnut Creek
94598: Walnut Creek
94801: Richmond
94802: Richmond
94803: El Sobrante
94804: Richmond
94805: Richmond
94806: San Pablo
94820: Richmond
94850: Richmond

# Marin County Cities
94901: San Rafael
94903: San Rafael
94904: Greenbrae
94912: San Rafael
94913: San Rafael
94914: Kentfield
94915: San Rafael
94920: Belvedere Tiburon
94924: Bolinas
94925: Corte Madera
94929: Dillon Beach
94930: Fairfax
94933: Forest Knolls
94937: Inverness
94938: Lagunitas
94939: Larkspur
94940: Marshall
94941: Mill Valley
94942: Mill Valley
94945: Novato
94946: Nicasio
94947: Novato
94948: Novato
94949: Novato
94950: Olema
94956: Point Reyes Station
94957: Ross
94960: San Anselmo
94963: San Geronimo
94964: San Quentin
94965: Sausalito
94966: Sausalito
94970: Stinson Beach
94971: Tomales
94973: Woodacre

# Napa County Cities
94503: American Canyon
94508: Angwin
94515: Calistoga
94558: Napa
94559: Napa
94562: Oakville
94567: Pope Valley
94573: Rutherford
94574: St. Helena
94576: Deer Park
94581: Napa
94599: Yountville

# San Francisco
94102: San Francisco
94103: San Francisco
94104: San Francisco
94105: San Francisco
94107: San Francisco
94108: San Francisco
94109: San Francisco
94110: San Francisco
94111: San Francisco
94112: San Francisco
94114: San Francisco
94115: San Francisco
94116: San Francisco
94117: San Francisco
94118: San Francisco
94119: San Francisco
94120: San Francisco
94121: San Francisco
94122: San Francisco
94123: San Francisco
94124: San Francisco
94125: San Francisco
94126: San Francisco
94127: San Francisco
94128: San Francisco
94129: San Francisco
94130: San Francisco
94131: San Francisco
94132: San Francisco
94133: San Francisco
94134: San Francisco
94140: San Francisco
94141: San Francisco
94142: San Francisco
94143: San Francisco
94144: San Francisco
94145: San Francisco
94146: San Francisco
94147: San Francisco
94151: San Francisco
94158: San Francisco
94159: San Francisco
94160: San Francisco
94161: San Francisco
94163: San Francisco
94164: San Francisco
94172: San Francisco
94177: San Francisco
94188: San Francisco

# San Mateo County Cities
94002: Belmont
94005: Brisbane
94010: Burlingame
94011: Burlingame
94014: Daly City
94015: Daly City
94016: Daly City
94017: Daly City
94018: El Granada
94019: Half Moon Bay
94020: La Honda
94021: Loma Mar
94025: Menlo Park
94026: Menlo Park
94027: Atherton
94028: Portola Valley
94030: Millbrae
94037: Montara
94038: Moss Beach
94044: Pacifica
94060: Pescadero
94061: Redwood City
94062: Redwood City
94063: Redwood City
94064: Redwood City
94065: Redwood City
94066: San Bruno
94070: San Carlos
94074: San Gregorio
94080: South San Francisco
94083: South San Francisco
94303: East Palo Alto
94401: San Mateo
94402: San Mateo
94403: San Mateo
94404: Foster City
94497: San Mateo

# Santa Clara County Cities
94022: Los Altos
94023: Los Altos
94024: Los Altos
94035: Mountain View
94039: Mountain View
94040: Mountain View
94041: Mountain View
94042: Mountain View
94043: Mountain View
94085: Sunnyvale
94086: Sunnyvale
94087: Sunnyvale
94088: Sunnyvale
94089: Sunnyvale
94301: Palo Alto
94302: Palo Alto
94304: Palo Alto
94305: Stanford
94306: Palo Alto
95002: Alviso
95008: Campbell
95009: Campbell
95011: Campbell
95013: Coyote
95014: Cupertino
95015: Cupertino
95020: Gilroy
95021: Gilroy
95026: Holy City
95030: Los Gatos
95031: Los Gatos
95032: Los Gatos
95033: Los Gatos
95035: Milpitas
95036: Milpitas
95037: Morgan Hill
95038: Morgan Hill
95042: New Almaden
95044: Redwood Estates
95046: San Martin
95050: Santa Clara
95051: Santa Clara
95052: Santa Clara
95053: Santa Clara
95054: Santa Clara
95055: Santa Clara
95056: Santa Clara
95070: Saratoga
95071: Saratoga
95101: San Jose
95102: San Jose
95103: San Jose
95106: San Jose
95108: San Jose
95109: San Jose
95110: San Jose
95111: San Jose
95112: San Jose
95113: San Jose
95115: San Jose
95116: San Jose
95117: San Jose
95118: San Jose
95119: San Jose
95120: San Jose
95121: San Jose
95122: San Jose
95123: San Jose
95124: San Jose
95125: San Jose
95126: San Jose
95127: San Jose
95128: San Jose
95129: San Jose
95130: San Jose
95131: San Jose
95132: San Jose
95133: San Jose
95134: San Jose
95135: San Jose
95136: San Jose
95138: San Jose
95139: San Jose
95140: Mount Hamilton
95141: San Jose
95148: San Jose
95150: San Jose
95151: San Jose
95152: San Jose
95153: San Jose
95154: San Jose
95155: San Jose
95156: San Jose
95157: San Jose
95158: San Jose
95159: San Jose
95160: San Jose
95161: San Jose
95164: San Jose
95170: San Jose
95171: San Jose
95172: San Jose
95173: San Jose
95190: San Jose
95191: San Jose
95192: San Jose
95193: San Jose
95194: San Jose
95196: San Jose

# Solano County Cities
94510: Benicia
94512: Birds Landing
94533: Fairfield
94534: Fairfield
94535: Travis AFB
94571: Rio Vista
94585: Suisun City
94589: Vallejo
94590: Vallejo
94591: Vallejo
94592: Mare Island
95620: Dixon
95625: Elmira
95687: Vacaville
95688: Vacaville
95696: Vacaville

# Sonoma County Cities
94922: Bodega
94923: Bodega Bay
94926: Boyes Hot Springs
94927: Rohnert Park
94928: Rohnert Park
94931: Cotati
94951: Penngrove
94952: Petaluma
94953: Petaluma
94954: Petaluma
94955: Petaluma
94972: Valley Ford
94975: Petaluma
95401: Santa Rosa
95402: Santa Rosa
95403: Santa Rosa
95404: Santa Rosa
95405: Santa Rosa
95406: Santa Rosa
95407: Santa Rosa
95409: Santa Rosa
95412: Annapolis
95416: Boyes Hot Springs
95419: Camp Meeker
95421: Cazadero
95425: Cloverdale
95430: Duncans Mills
95431: Eldridge
95433: El Verano
95436: Forestville
95439: Fulton
95441: Geyserville
95442: Glen Ellen
95444: Graton
95446: Guerneville
95448: Healdsburg
95450: Jenner
95452: Kenwood
95462: Monte Rio
95465: Occidental
95471: Rio Nido
95472: Sebastopol
95473: Sebastopol
95476: Sonoma
95480: Stewarts Point
95486: Villa Grande
95487: Vineburg
95492: Windsor
